sequence,label
KPVSLS,0
LNNSRA,0
HCKFWF,1
HCKAWW,1
HCKFWL,0
YFYNAK,1
HCAFWW,1
GRRRRS,0
HCKFWI,1
HCKFWT,0
NRGLAA,0
HCKFWD,0
RRKKAA,0
RWRWRW,1
RRKKAP,0
KDCIIK,0
HCKFWH,1
RRWQWR,0
HCKFWR,1
EDLIWK,1
GPGRAF,0
HCKFWW,1
HCKFWA,0
HCKFWQ,0
HCKFWY,1
CRFFES,0
HAKFWW,1
KDLLFK,1
SYRCPC,0
ACKFWW,1
HCKFWG,1
HCKFWV,1
TSYHRSA,0
LRKRKRL,1
RRKKLAP,0
TSQNIRS,1
RRKKAAV,0
RTRKGRR,1
YQCGQGG,1
RNMRKVR,0
CIKRDSP,0
PCRFFES,0
RTRKGRK,1
KPVSLSY,0
RWRWRWRW,0
LSYRCPCR,1
KPVSLSYR,0
IVWQVDRM,0
CPCRFFES,0
MENRWQVM,0
RRKKLLAP,0
RRKKAAVA,0
KKKKKKKK,0
TKCFQWQGN,0
TKCFGWGRN,0
CACIADHSH,0
LRKLRKRLL,1
TKCGQWQRN,0
KVLKVLKVL,0
CTCIADHRH,0
LRKRKRLLK,1
GRRRRSVQW,0
LRTRKRGRK,1
RLTRKRGLK,1
LRKRKRLRK,1
DQKDEYELL,1
WRWRKRWRK,1
ADRDQYELL,1
RCPCRFFES,0
TKCFQWQRN,0
RRKKALLAP,0
YQLLIRMIY,1
KPVSLSYRC,0
TGCFQWQRN,0
LQMDDFELL,0
RRKKAAVAL,0
AVSNPEATKC,0
FKCRRWQWRM,1
YCKKCCYHCQ,1
KPVSLSYRCP,0
SLSYRCPCRF,0
YRCPCRFFES,0
RRKKAAVALL,0
RWRWRWRWRW,0
LSYRCPCRFF,1
RRKKLALLAP,0
EQCREEEDDR,1
KTCENLADTY,1
KQTENLADTY,1
WEYVLLLFLL,1
RKAVLLALLA,1
KKLAVLLALLA,0
CATCIADHRSH,0
AEPERRNIKYL,1
RRKKAAVALLP,0
IIYCNRRTGKC,0
KWEYVLLLFLL,1
EWRKKRYSTQV,1
KPVSLSYRCPC,0
RRFPWWWPFRR,0
SLIGGLVSAFK,0
QLLIRMIYKNI,1
RRKKLLALLAP,0
SYRCPCRFFES,1
GRKKRRQRRRC,0
RKKLAVLLALLA,1
CDVIALLCHLNT,1
LPLPAPSFHRTT,1
YQLLIRMIYKNA,1
YCNRRTGKCQRM,0
RRKKVLLALLAP,1
SVSVGTKPRPRP,0
KHMHWHPPALNT,1
YQLLIRMIYKAI,1
YQLLIAMIYKNI,1
LSYRCPCRFFES,0
RRKKAAVALLPA,0
GTKWLTEWIPLC,1
YALLIRMIYKNI,1
VSLSYRCPCRFF,0
SVSWGMKPSPRQ,0
YQLLIRAIYKNI,1
YQLAIRMIYKNI,1
KPKQIKPPLPSV,1
LGNWAREIWATL,1
KPVSLSYRCPCR,1
SNQGGSPLPRSV,1
YQLLIRMIYKNI,1
YQLLIRMAYKNI,1
YQLLIRMIAKNI,1
ILGTILGLLKSL,0
YQLLIRMIYANI,1
YQLLARMIYKNI,1
SVSVGMKPSPRP,0
IKWEYVLLLFLL,1
FFGKVLKLIRKIF,1
FKRIVQRIKDFLR,1
HGVSGHGQHGVHG,1
YRCPCRFFESHVA,0
GWFDVVKHIAKRF,1
NRQVCIDPKLKWI,0
SYSMEHFRWGKPV,1
RRKKAAVALLPAV,0
SHVARANVKHLKI,0
KNNNRQVCIDPKL,0
RRKKAVLLALLAP,1
CDVIALLACHLNT,1
GIIDIAKKLFESW,1
GIWSDLAEIIKKF,1
QIVARLKNNNRQV,0
VRRFPWWWPFLRR,0
GFLDIIEKIAKSW,1
PCRFFESHVARAN,0
ILNTPNCALQIVA,0
EEDDLAVLLALLA,0
TPNCALQIVARLK,0
AIKWEYVLLLFLL,1
GWLKKIESIIDAF,1
ARLKNNNRQVCID,0
GWFDIIKKIASEL,1
ARANVKHLKILNT,0
RIRTWKSLVKHHM,0
ILPWKWPWWPWRR,1
LLPIVGNLLNSLL,0
RRKKLAVLLALLA,1
HLKILNTPNCALQ,0
CALQIVARLKNNN,0
DPKLKWIQEYLEK,0
VCIDPKLKWIQEY,0
NVKHLKILNTPNC,0
GLFDIIKKIAESW,1
RRKKAAAAAAAAA,1
KPVSLSYRCPCRF,1
FFESHVARANVKH,0
SLSYRCPCRFFES,0
GENNELRLTRDAI,0
NWAREIWATLFKKA,1
LDIVKKVVGAFGSL,0
GLFDIVKKIAGHIA,0
RRKKLLAVLLALLA,1
KKLLKKLKKLLKKL,1
KPVSLSYRCPCRFF,1
RTRKRGRRTRKRGR,1
RRKKAAVALLPAVL,0
VSLSYRCPCRFFES,0
SWLRDIWDWICEVL,1
LGNWAREIWATLFK,1
INWLKLGKAIIDAL,0
FAIKWEYVLLLFLL,1
RRKKPAVLLALLAP,1
PVSLSYRCPCRFFE,1
FLFPLITSFLSKVL,1
LRKRKRLLRKRKRL,1
LKLKLKLKLKLKLK,0
AALYKKKIIKKLLES,1
WVPKRPSVCTMTKWQ,0
DARDAMDRIFARRYN,0
DYTEVQRRNQLHDLR,0
RHEIKDSGLLDYTEV,0
PLVEGQLGENNELRL,0
QLGENNELRLTRDAI,0
TMLEDHEFVPLEVYT,0
VSFAIKWEYVLLLFL,1
NNLETTAFHRDDHET,0
GSHTEHTTYAADRFK,0
IAVVFKENIAPYKFK,0
RADITTVSTFIDLNI,0
FSSDAISTTFTTNLT,0
YEDQGPLVEGQLGEN,0
VAADNVIVQNSMRIS,0
IEFARLQFTYNHIQR,0
FKCRRWQARMKKLGA,0
EPCTVGHRRYFTFGG,0
LEVYTRHEIKDSGLL,0
HTTYAADRFKQVDGF,0
TTNLTEYPLSRVDLG,0
FKCRRWQWRMKKAGA,0
AENTDANFYVCPPPT,0
KPVSLSYRCPCRFFE,0
SDDPKESEGDLHCVC,0
YGYREGSHTEHTTYA,0
PVPFEEVIDKINAKG,0
GTPGVAAATQAANGG,0
REHLREQSRKPPNPT,0
STCVPVAADNVIVQN,0
RRCPTRPEGQNYTEG,0
PYKFKATMYYKDVTV,0
SHQLSRADITTVSTF,0
GGSFRFSSDAISTTF,0
SMRISSRPGACYSRP,0
LRDIKAENTDANFYV,0
LSNTLAELYVREHLR,0
TRDAIEPCTVGHRRY,0
CVCVKTTSLVRPRHI,0
GTTVNCIVEEVDARS,0
DMELKPANAATRTSR,0
EVIDKINAKGVCRST,0
RVDLGDCIGKDARDA,0
GGFLIAYQPLLSNTL,0
LGRVAIAWCELQNHE,0
PSRVEAFHRYGTTVN,0
ARRYNATHIKVGQPQ,0
GATVVQFEQPRRCPT,0
ADRFKQVDGFYARDL,0
DWHLGQGVSIEWRKK,1
PPPLGAAPTGDPKPK,0
DCIGKDARDAMDRIF,0
LVSFRYEDQGPLVEG,0
GYVYFEEYAYSHQLS,0
MDRIFARRYNATHIK,0
TGDFVYMSPFYGYRE,0
NMAKLRERLKQRQQL,0
KNPTPPRPAGDNATV,0
AELYVREHLREQSRK,0
EFVLATGDFVYMSPF,0
HEFVPLEVYTRHEIK,1
KTTSSIEFARLQFTY,1
CYSRPLVSFRYEDQG,0
TTKARATAPTTRNLL,0
GTKWLTEWIPLTAEC,1
CDVIALLCHLNTPSF,1
NELRLTRDAIEPCTV,0
DDHETDMELKPANAA,0
EQSRKPPNPTPPPPG,0
VIVQNSMRISSRPGA,0
PANAATRTSRGWHTT,0
INAKGVCRSTAKYVR,0
IDLNITMLEDHEFVP,0
ISSEVHIPLGDARLV,0
KDVTVSQVWFGHRYS,0
ASVTVGRRVSARMLG,0
DLKYNPSRVEAFHRY,0
LQNHELTLWNEARKL,0
CPPPTGATVVQFEQP,0
TRTSRGWHTTDLKYN,0
PRPAGDNATVAAGHA,0
SVERIKTTSSIEFAR,0
AKITFTNNHPRTIWP,1
EEYAYSHQLSRADIT,0
RRKKAAVALLPAVLL,0
YADHTGLVRDNMAKL,0
AAATQAANGGPATPA,0
PPPPGASANASVERI,0
RERLKQRQQLFDSQQ,0
SRPGACYSRPLVSFR,0
SQVWFGHRYSQFMGI,0
EARKLNPNAIASVTV,0
ASANASVERIKTTSS,0
LTLWNEARKLNPNAI,0
TLREHLRDIKAENTD,0
ANFYVCPPPTGATVV,0
ATHIKVGQPQYYQAN,0
LQFTYNHIQRHVNDM,0
RPEGQNYTEGIAVVF,0
GLVRDNMAKLRERLK,0
SFAIKWEYVLLLFLL,1
FTFGGGYVYFEEYAY,0
DSGLLDYTEVQRRNQ,0
HVNDMLGRVAIAWCE,0
CIVEEVDARSVYPYD,0
TAFHRDDHETDMELK,0
NPNAIASVTVGRRVS,0
DPKPKKNKKPKNPTP,0
ARMLGDVMAVSTCVP,0
QVDGFYARDLTTKAR,0
QRQQLFDSQQGWFEG,0
QFMGIFEDRAPVPFE,0
AAPTGDPKPKKNKKP,0
YYQANGGFLIAYQPL,0
FDSQQGWFEGWFNRS,0
LRSEYGGSFRFSSDA,0
LHDLRFADIDTVIHA,0
PVSLSYRCPCRFFES,0
RHHYESPHPRISSEV,0
ISTTFTTNLTEYPLS,0
FKCRRWQWRMKKLGA,1
FADIDTVIHADANAA,0
QFEQPRRCPTRPEGQ,0
TTPKFTVAWDWVPKR,1
VDARSVYPYDEFVLA,0
PSVCTMTKWQEVDEM,0
FEDRAPVPFEEVIDK,0
GWHTTDLKYNPSRVE,0
VCRSTAKYVRNNLET,0
PPNPTPPPPGASANA,0
DVMAVSTCVPVAADN,0
GHRRYFTFGGGYVYF,1
VYPYDEFVLATGDFV,0
EYPLSRVDLGDCIGK,0
PATPAPPPLGAAPTG,0
AYQPLLSNTLAELYV,0
VGQPQYYLANGGFLI,0
QRRNQLHDLRFADID,0
GHRYSQFMGIFEDRA,0
TRNLLTTPKFTVAWD,0
ATMYYKDVTVSQVWF,0
AFHRYGTTVNCIVEE,0
AKYVRNNLETTAFHR,0
YMSPFYGYREGSHTE,0
AAGHATLREHLRDIK,0
AANGGPATPAPPPLG,0
NYTEGIAVVFKENIA,0
EVDEMLRSEYGGSFR,0
GRRVSARMLGDVMAV,0
YVSGKARGWFYRHHY,1
MTKWQEVDEMLRSEY,0
DNATVAAGHATLREH,0
APTSPGTPGVAAATQ,0
KNGRKLCLDLQAALY,1
TVSTFIDLNITMLED,0
TVAWDWVPKRPSVCT,0
YARDLTTKARATAPT,0
RRKKLPAVLLALLAP,1
KENIAPYKFKATMYY,0
FDIVKKIAGHIAGSI,0
IAWCELQNHELTLWN,0
GWFEGWFNRSPWFTT,1
NHIQRHVNDMLGRVA,0
KNKKPKNPTPPRPAG,0
ATAPTTRNLLTTPKF,0
RRKKVALLAVLLALLA,1
RRKKAAVALLPAVLLA,1
KFMETVAEKALQEYRK,0
RWRKRWRKRWRKRWRK,1
KIMAKPSKFYEQLRGR,1
LKLKLKLKLKLKLKLK,0
RGGRLCYCRRRFCICV,1
CKNKEKKCCKNKEKKC,0
DTRACDVIALLCHLNT,1
LGNWAREIWATLFKKA,1
KKWWKAKKFANSGPNA,0
RWRKRGRKRWRKRGRK,1
CGRLLLRRQRRRAHQN,1
RKVRGPPVSCIKRDSP,0
IVSYPDDAGEHAHKMG,0
LGDARLVITTYWGLHT,0
RTRKRGRKRTRKRGRK,1
RTRKRWRKRTRKRGRK,1
ALWMTLLKKVLKAAAK,1
KKWWKAQKAVNSGPNA,0
KKKKKKKKLLLLLLLL,0
SWLRDIWDWICEVLSD,1
KPVSLSYRCPCRFFES,0
ALWKTLLKKVLKAAAK,1
RRKKLLPAVLLALLAP,1
ITTYWGLHTGERDWHL,0
RRKKALLPAVLLALLAP,1
LFGLIPSLIGGLVSAFK,0
LQARILAVERYLKDQQQ,0
SLSRFLRFLKIVYRRAF,1
RWRKRWRKWRWRKRWRK,1
LFRLIKSLIKRLVSAFK,1
LQLEARLQHLVAEILER,0
GTKALTEVIPLTEEAEC,1
GTKWLTEWIPLTAEAEC,1
GFKRIVQRIKDFLRNLV,1
GFNEIVQDIEDFLQNLV,1
SSVITSLGAIVSCYGKT,1
RRKKAAVALLPAVLLAL,1
RALVDTLKFVTQAEGAK,0
YPGHITGHRMANMMMNW,1
RRKKAALLVLAALAVLA,0
CATCQIADSHRSHRQMV,1
KKRKRRFLGFLLGVGSA,1
GFCRCLCRRGVCRCICTR,1
GRFKRFRKPFKKLFKKIS,1
RRKKAAVALLAVLLALLA,1
SWLRDIWDWICKVLSDFK,1
GFLSILKKVLPKVMAHMK,1
KFDSLVECIWDWIDRLWS,1
GICRCICGKGICRCICGR,1
GIKYFSMVGNWAKVLVVL,1
GICRCYCGRGICRCICGR,1
KRWRKRWRKWRWRKRWRK,1
PTLGNWAREIWATLFKKA,1
KWLCRIWSWISDVLDDFE,1
SWLRDIWDWLCEVLSDFK,1
NFHAMFQPFLEMIHEAQQ,0
SWLWEVWDWVLHVLSDFK,1
SWLRDLWDWICEVLSDFK,1
SWLRDIWRWICKVLSRFK,1
RGGRLTYTRPRFTVTVGR,0
LRKEKKRLLLRKEKKRLL,0
SWLRRIWRWICKVLSRFK,1
SWLDDIWDWICEVLSDFE,1
SWLRDIWDWICEVLSDFK,1
TWLRAIWDWVCTALTDFK,1
SWLRDIWDWIEEVLSDFK,1
KRWRKRWRKKRWRKRWRK,1
DWLRIIWDWVCSVVSDFK,1
SWLRDIWDWISEVLSDFK,1
LRWRKRWRKLRWRKRWRK,1
SWLRDIWDWACEVLSDFK,1
GICICICGYGICRCICGR,0
RWRKRWRWRKRWRWRKRW,1
SWLRDIWDWSCEVLSDFK,1
SWLRDIWDWLCELLSDFK,1
GICYCICGRGICRCICGR,0
SWLRDLWDWLCEVLSDFK,1
SWLRDIWDWECEVLSDFK,1
GVCRCLCRRGVCRCICRR,1
GICRCICGRGICRCICGR,1
RRWRKRWRKRRWRKRWRK,1
SWLRDIWDWVCEVLSDFK,1
GICRCICGRGICRCYCGR,1
RRKKAAVALLPAVLLALL,1
SWLRDVWDWVCTILTDFK,1
VTDYGKDLMEKVKSPELQ,0
LLRIPQAIMDMIAGAHWG,1
WRWRKRWRKWRWRKRWRK,1
GVCRCICGRGVCRCICGR,1
GVCRCICGRGVCRCICRR,1
HRWRKRWRKWRWRKRWRK,1
GICICICGRGICYCICGR,0
RRKKVALLPAVLLALLAP,1
SSGLYHVTNDCPNSSIVY,1
GRFKRFRKKFKKLFKKIS,1
SWRLIDWDWICEVLSDFK,1
SWLDRIWRWICKVLSRFE,1
SWLRDIWDWGCEVLSDFK,1
SWLRDVWDWICTVLTDFK,1
SIWRDWVDLICEFLSDWK,1
GICRCICGRRICRCICGR,1
RGGRLCYCRRRFCVCVGR,1
SWLRDLWDWLCELLSDFK,1
HRWRKRWRKHRWRKRWRK,1
SWLRDIWDWKCEVLSDFK,1
LRWRKRWRKWRWRKRWRK,1
GFCRCICTRGFCRCICTR,1
SWLRDLWDWICELLSDFK,1
SWLRDIWDWIREVLSDFK,1
RRWRKRWRKWRWRKRWRK,1
CGSVFLVGQLFTFSPRHH,1
LRTRKRGRKLRTRKRGRK,1
SWLRDIWDWICELLSDFK,1
GYCRCICGRGICRCICGR,1
VTDYGKDLMEKVKEWLNS,0
SWLRDVWDWVCTVLSDFK,1
LRKRKRLRKLRKRKRLRK,1
SWLRDIWDWICEVLSDFKT,1
DVREEEQLGERATGLNLNI,0
GLRRLLGRLLRRLGRLLLR,1
VEGQLGENNELRLTRDAIE,0
DSHAKRHHGYKRKFHEKHH,0
RRKKAAVALLPAVLLALLA,1
GLASTLTRWAHYNALIRAF,1
LQVAERLTRKYNELLKSYQ,0
RRKKAVALLPAVLLALLAP,1
CATCEQIADSQHRSHRQMV,1
GYFVQDDGEWKFTGSSYYY,1
GSWLRDIWDWICEVLSDFK,1
GFKDLLKGAAKALVKTVLF,1
GVFVFNGTSWFITQRNFFS,1
IQKEIDRLNEVAKNLNESLI,1
RRKKAAVALAPAVLLALLAP,1
GLTGGFYEPLVRRCSELMGR,0
LEAIPCSIPPCVFFGKPFVF,1
TKIRDSLHLVKCPTPAIEPP,0
ANGSRIPTGERVWDRGNVTL,0
LGCNQNQFFCKIPLELWTRY,0
LEAIPMKIPPEFLFGKPFVF,1
AGAGTGATAIGMVTQYHQVL,1
DCPNGPWVWVPAFCQAVGWG,1
PTGERVWDRGNVTLLCDCPN,1
SGCANNTCYNVSVIVPDYQC,0
RIPTGERVWDRGNVTLLCDC,1
EGGTLGNWAREIWATLFKKA,1
RRKKAAVALLPAVKLALLAP,1
GADFQECMKEHSQKQHQHQG,1
GNQGRGNPVRSPLGFGSYTM,0
KVLTTGLPALISWIKRKRQQ,1
EGPTLGNWARGIWATLFKKA,1
RNPVCPGYAWLSSGRPDGFI,0
RRKKAAVALKPAVLLALLAP,1
PFDYGLKWQSCSCRANGSRI,0
FIQYLAPLIPHAVKAISDLI,0
FNMTKAVEMVNIAGNWSCTS,0
AAHLIDALYAEFLGGRVLTT,1
EGPTLGNWAGEIWATLFKKA,1
KQLSYCTDPLQIPLINYTFG,0
EGPTLGNWAREGWATLFKKA,1
RRKKAAVALLKAVLLALKAP,1
EIWATLFKKATRQCRRGRIW,1
GNTPNVSGANPVDCTMYSNK,0
EGPTLGGWAREIWATLFKKA,1
TRQCRRGRIWKRWNETITGP,1
EGPTLGNWAREIWATGFKKA,1
RRKKAAVALLPAVLKALLAP,1
KWKLFKKIGIGKFLHFAKKF,1
GPWVWVPAFCQAVGWGDPIT,1
FLYTAFAMQELGCNQNQFFC,0
LEAIPISIPPEVFFGKPFVF,1
SNNTIAIPTNFSISITTEVM,0
TCILDRRPASCGTCVRDCWP,0
KRWNETITGPSGCANNTCYN,0
TGTFGFFPGVPPINNCMPLG,0
QAVGWGDPITHWSHGQNQWP,0
EGPTLGNWAREIWATLFKKA,1
LEAIPCSIPPCLAFAKPFVF,1
LEAIPMCIPPECFFNKPFVF,1
NMTINQTIWNHGNITLGEWY,0
LSCPQYVYGSVSVTCVWGSV,0
LSSGRPDGFIHVQGHLQEVD,0
PVDCTMYSNKMYNCSLQNGF,0
LEAIPMSIPPEVFFGKPFVF,1
MPEVEGEEIQPQMELRRNGR,0
LEAIPCSIPPCVGFGKPFVF,1
LKAKTNISIREGPTLGNWAR,0
GKINISLCLTGGKMLYNKVT,0
LEAIPCSIPPCVFFNKPFVF,1
LEAIPMSIPPEFAFNKDFVF,1
LEAIPMSCPPEFCFGKPFVF,1
HKILGYTVIAMPEVEGEEIQ,0
KWKLFKKIGIGKFLHWAKKF,1
VGSASCTIAALGSSDRDTVV,0
PNGPWVWVPAFCQAVGWGDP,1
EGPGLGNWAREIWATLFKKA,1
RGILRNWYNPFAGLRQSLEQ,1
LEAIPCSIPPCFLFGKPFVF,1
LEAIPMSIPPEFLFGKPFVF,1
KWKLFKKIGIGKFLHAAKKF,1
FKLPLGINITNFRAILTAFS,0
TGALKINNLRLVTLEHQVLV,1
GLLASLGKVLGGYLAEKLKP,0
LEAIPMSIPPELAFAKPFVF,1
RRKKAAVALLPAVALALLAP,1
PQMELRRNGRQCGMSEKEEE,0
EGPTLGNWGREIWATLFKKA,1
WVWVPAFCQAVGWGDPITHW,1
LQKWEDWVRWIGNIPQYLKG,1
KCPTPAIEPPTGTFGFFPGV,0
LEAIPMCIPPECLFNKPFVF,1
SWLRDIWDWICEVLSDFKTW,1
EGPTGGNWAREIWATLFKKA,1
GGPTLGNWAREIWATLFKKA,1
GWWNQMAYYNSCKWEEAKVK,0
RRKKAAVALLKAVLLALAAP,1
GGKMLYNKVTKQLSYCTDPL,0
LEAIPCSIPPCFAFNKDFVF,1
GIGVTQNVLYENQKQIANQF,0
RRLHLEPAFLPYSVKAHECC,1
VRRCSELMGRRNPVCPGYAW,0
LEAIPMSIPPEVKFNKPFVF,1
QYGSFCTQLNRALSGIAAEQ,1
VSVIVPDYQCYLDRVDTWLQ,0
EGPTLGNWAREIWATLFKGA,1
KSKKVKISLPCNSTKNLTFA,0
NQTKDLQQKFYEIIMDIEQN,1
LCDCPNGPWVWVPAFCQAVG,1
GSDTSLIDTCGNTPNVSGAN,0
TEVSEALGGAGLTGGFYEPL,0
SWFASTGGRDSKIDVWSLVP,0
GIKEFKRIVQRIKDFLRNLV,1
DLEAVPFVNRTTPFTIRGPL,0
RRKKLAALPLVLAAPLAVLA,0
GLLGSIGNAIGAFIANKLKP,0
RVGGRVGGRVGGRVGGRVGG,0
TLLCDCPNGPWVWVPAFCQA,1
SGTKMACPSNRGILRNWYNP,1
KIPLELWTRYNMTINQTIWN,0
EGPTLGNWAREIGATLFKKA,0
TTPFTIRGPLGNQGRGNPVR,0
CGTCVRDCWPETGSVRFPFH,0
PPINNCMPLGTEVSEALGGA,0
LGSSDRDTVVELSEWGVPCV,0
QIPLINYTFGPNQTCMWNTS,0
RRKKAAVALLKAVLLAALAP,1
VSVTCVWGSVSWFASTGGRD,0
YQDVNCTDVSTAIHADQLTP,1
RRKKAAVALLPAVLEALLAP,1
LLGGILGIGLGVLLLILCLP,1
PALNCYWPLNDYGFYTTSGI,0
GIKEWKRIVQRIKDFLRNLV,1
LEAIPCSIPPCFAFNKPFVF,1
RGNVTLLCDCPNGPWVWVPA,1
LEAIPCSIPPECLFGKPFVF,1
RCGTGPRLTKDLEAVPFVNR,0
RRKKAAVALLPAVLLALLAP,1
SKIDVWSLVPVGSASCTIAA,0
GIKQFKRIVQRIKDFLRNLV,1
QIQDPEIPKCGWWNQMAYYN,0
WALRWALRWALRWALRWALR,0
ELSEWGVPCVTCILDRRPAS,0
LEAIPMCIPPECLFGKPFVF,1
YLDRVDTWLQGKINISLCLT,0
RRKKAAVAALPAVLLALLAP,1
EGPTLGNWAREIWATLGKKA,1
EGPTLGNGAREIWATLFKKA,0
VLYNSTFFSTFKCYGVSATK,0
GSRIPTGERVWDRGNVTLLC,0
RNKSNLHTEARFRIRCRWNV,0
LEAIPMSIPPEIAFNKPFVF,1
CRANGSRIPTGERVWDRGNV,0
TGAWIEFGCHRNKSNLHTEA,0
VYINKLTPPCGTMYYACEAV,1
ETGSVRFPFHRCGTGPRLTK,0
PTTFMLKYDENGTITDAVDC,1
WDRGNVTLLCDCPNGPWVWV,1
GIKEFKREFQRIKDFLRNLV,1
SGSWLRDIWDWICEVLSDFK,1
NVQGKTGIQQLQKWEDWVRW,1
EGPTLGNWAREIWATLFKKG,1
CSCRANGSRIPTGERVWDRG,0
RDVSDFTDSVRDPKTSEILD,0
ILGPVLGLVSRTLRRVLGIL,1
NIAGNWSCTSDLPSSWGYMN,0
IGNIPQYLKGLLGGILGIGL,1
HWSHGQNQWPLSCPQYVYGS,0
RRKKAAVALLPAVLAALLAP,1
GAPASVLGSRPFDYGLKWQS,0
EGPTLGNWAREIWGTLFKKA,1
LEAIPCSIPPCVLFNKPFVF,1
RRKKAAVALLPAVLLAKLAP,1
PNQTCMWNTSQIQDPEIPKC,0
EGPTLGNWAREIWAGLFKKA,1
IGLKVEAMEKFLYTAFAMQE,1
EGPTLGNWAREIWATLFGKA,1
LEAIPISIPPELAFAKPFVF,1
SPLGFGSYTMTKIRDSLHLV,0
KWKLFKKIGIGKFLHVAKKF,1
TLVDCIRNCIHKILGYTVIA,0
GLLASLGKVLGGYLAEKLKPK,0
GLLGSIGKVLGGYLAEKLKPK,0
KLAKKLAKLAKKLAKLAKKLA,0
GLLASLGKVFGGYLAEKLKPK,0
GIWDTIKSMGKVFAGKILQNL,1
LPRRLHLEPAFLPYSVKAHEC,1
SKEKIGKEFKRIVQRIKDFLR,1
GFMKYIGPLIPHAVKAISDLI,0
GLFGVLAKVAAHVVPAIAEHF,1
GLLGLLGSVVSHVVPAIVGHF,1
VRNRVIARVGGVPYVGGPCYN,0
GMASKAGAIAGKIAKVALKAL,1
CLGVGSCNDFAGCGYAIVCFW,1
GFIFHIIKGLFHAGKMIHGLV,1
GLLGSIGNAIGAFIANKLKPK,0
KAAKKAAKAAKKAAKAAKKAA,0
YKPRRKRAAIHVMLALATVLSI,1
FFHHIFRGIVHVGKTIHRLVTG,1
CNCTNSSSSYSGTKMACPSNRG,1
GIKCRFCCGCCTPGICGVCCRF,1
GYHLMSFPQAAPHGVVFLHVTW,1
GIGKFLKKAKKFGKAFVKILKK,0
ARLAEYHAKATEHLSTLSEKAK,0
GSWFRAISSWKQRNRWEWRPDF,0
IFWDCWAPEEPACQDFLGAMIH,0
FHCQRTQSQPGSWFRAISSWKQ,0
HVMLALATVLSIAGAGTGATAI,1
PVLDEFREKLNEELEALKQKMK,0
PDYLLVPEEVMEYKPRRKRAAI,1
PYLDDFQKKWQEEMELYRQKVE,0
CKWEEAKVKFHCQRTQSQPGSW,0
PYSDELRQRLAARLEALKENGG,0
PPLVVPVEESEIIFWDCWAPEE,0
CTSDLPSSWGYMNCNCTNSSSS,0
PLGEEMRDRARAHVDALRTHLA,0
LPRRLHLEPAFLPYSVKAHECC,1
VFQFLGKIIHHVGNFVHGFSHVF,0
VFQFLGRIIHHVGNFVHGFSHVF,1
GLIQTIKEKLKELAGGLVTGIQS,0
GLLQTITEKLKEFAGGLVTGVQS,0
GLWQLIKDKFKDAATGFVTGIQS,0
GLLQTIKEKLKEFAGGVVTGVQS,0
GLLQTIKEKLKELATGLVIGVQS,0
KQRNRWEWRPDFKSKKVKISLPC,0
GIGKFLHSAGKFGKAFVGEIMKS,1
VFQFLGKIIKKVGNFVKGFSKVF,1
GLWQLIKDKIKDAATGFVTGIQS,0
GLWQLIKDKLKDAATGFVTGIQS,0
KCRRWQWRMKKLGAPSITCVRRA,0
GIGKFLHSAKKFGKAFVGEIMNS,1
ECKFTVKPYLKRFQVYYKGRMWCP,1
LLKELWTKIKGAGKAVLGKIKGLL,1
RGGKIAGKIAKIAGKIAKIAGKIA,1
GLRSKIWLWVLLMIWQESNKFKKM,1
FLPVLAGIAAKVVPALFCKITKKC,1
GIGKFLKKAKKGIGAVLKVLTTGL,1
ALSKALSKALSKALSKALSKALSK,1
GLRSRIWLWVLLMIWQESNRFKRM,1
RFLVCWKQKIWGKARPSMCTRRARF,1
CGECGGGHIVGRFCMVVRFLRLVFI,1
AQLLESVLQEERILALHAQARERLT,0
CDVIALLCHLNTPSFNTTHYRESWY,1
TKCFQWQWNMRKVRGPPVSCIKRDS,1
FKCRRWQWRMKKLGAPSITCVRRAF,1
TKCFQWQRNMRKVRGPPVSCIKRDS,1
TARLQLEARLQHLVAEILEREQSLA,1
GLLSVLGSVAKHVLPHVVPVIAEHL,1
FLEGFLVPKVVPGPTAALLKKALDD,0
TKCRRWQRNMRKVRGPPVSCIKRDS,1
HVDKKVADKVLLLKQLRIMRLLTRL,1
GLLDIVTGLLGNLIVDVLKPKTPAS,0
CDSCERCWYVWLILLRVRLRLLVSL,1
GLFGVLGSIAKHVLPHVVPVIAEKL,1
CGRCLQRACCKYCRLKCRLILFVIF,0
CTMCRYQQNCFTRRLIVGGMLLVFV,1
KQRQQLFDSQQGWFEGWFNRSPWFT,0
CRCCELKSLCPTLMRVVRLLGLVLL,1
GLVSSIGKALGGLLADVVKSKGQPA,0
GIGAVLKVLTTGLPALISWIKRKRQQ,1
KWKSFIKKLTSAAKKVVTTAKPLISS,0
CVTCKSTVLCDKMQHPCRRGPRCISC,0
KKKSFIKLLTSAKVSVLTTAKPLISS,0
GIGTKILGGVKTALKGALKELASTYAN,1
VCYRNGIPCGESCVWIPCISAALGSCK,1
IQKEIDRLNEVAKNLNESLIDLQELGK,1
PQITLRKKRRQRRRPPQVSFNFATLNF,1
PQITLRKKRRQRRRPPQVSFNFCTLNF,1
GIGGKILSGLKTALKGAAKELASTYLH,1
PPDVHTPPHALWRLHLSLRVCLVRMWIH,1
ALWMTLLKKVLKAAAKAALNAVLVGANA,1
SIELNKAKSDLEESKEWIRRSNQKLDSI,1
GTACGESCYVLPCFTVGCTCTSSQCFKN,1
ALWKTLLKKVLKAAAKAALNAVLVGANA,1
VALDPIDISIELNKAKSDLEESKEWIRR,1
AIPCGESCVWIPCISAAIGCSCKNKVCYR,1
TAAGDARANAVAKAGLHDLNIETDTERNH,0
GLPVCGETCVGGTCNTPGCTCSWPVCTRN,1
INASVVNIQKEIDRLNEVAKNLNESLIDL,0
GLPICGETCVGGTCNTPGCSCSWPVCTRN,1
RMIYKNILFYLVPGPGHGAEPERRNIKYL,1
PPWCCCSPMKRASPPPAQSDLPATPKCPP,1
CYCRIPACIAGERRYGTCIYQGRLWAFCC,1
TLKNRYYEPRDSYFQQYMLKGEYQYWFDLD,0
VSRRYLASLHKKALPTSVTFELLFDGTNPS,1
GFPCGESCVFIPCISAAIGCSCKNKVCYRN,1
AVSPTTLRTEVVKTFRRDKPFPHRMDCVTT,1
KIPCGESCVWIPCLTSVFNCKCENKVCYHD,1
TTVKVHASDERLGPMPCRPKEIVSSAGPVM,0
VKQCRWCGFDFDGPDGLPHYPIGKCILANE,0
GVPCGESCVFIPCITGVIGCSCSSNVCYLN,1
NGVIPCGESCVFIPCISTLLGCSKNKVCYR,1
VPTHLATDVELKEIQGMMDASEGTNYTCCK,0
GIPCAESCVWIPCTVTALVGCSCSDKVCYN,1
GIPCGESCVFIPCLTTVAGCSCKNKVCYRN,1
KIPCGESCVWIPCVTSIFNCKCENKVCYHD,1
CGYRGLCRRFCHAQEYIVGHHGCPRRYRCC,1
VVNIQKEIDRLNEVAKNLNESLIDLQELGK,0
WCNWHNIDPWIQLMNRTQADLAEGPPVKEC,0
ELLFDGTNPSTEEMGDDFRSGLCPFDTSPV,0
LAEGPPVKECAVTCRYDKDADINVVTQARN,1
DPTARLQLEARLQHLVAEILEREQSLALHA,0
VEDTLYGDHECGSLLQDAALYLVDGMTNTI,0
ACYCRIPACIAGERRYGTCIYQGRLWAFCC,1
CGESCVFIPCITSVAGCSCKSKVCYRNGIP,1
RRCICTTRTCRFPYRRLGTCIFQNRVYTFCC,1
GVIPCGESCVFIPCISAAIGCSCKNKVCYRN,1
SWLSKTAKKLENSAKKRISEGIAIAIQGGPR,0
CGESCAMISFCFTEVIGCSCKNKVCYLNSIS,1
IDRLNEVAKNLNESLIDLQELGKYEQYIKWPW,0
KIALLSTNKAVVSLSNGVSVLTSKVLDLKNYID,1
LEGEVNKIALLSTNKAVVSLSNGVSVLTSKVLD,1
KVLHLEGEVNKIALLSTNKAVVSLSNGVSVLTS,1
EVNKIALLSTNKAVVSLSNGVSVLTSKVLDLKN,1
VITIELSNIKENKCNGAKVKLIKQELDKYKNAV,1
AEGIGALFLGFLGAAGSTMGARSMTLTVQARQL,1
VAVSKVLHLEGEVNKIALLSTNKAVVSLSNGVS,1
GGTIFDCGETCFLGTCYTPGCSCGNYGFCYGTN,1
QLLIRMIYKNILFYLVPGPGHGAEPERRNIKYL,1
TLGEWYNQTKDLQQKFYEIIMDIEQNNVQGKKG,1
ALLSTNKAVVSLSNGVSVLTSKVLDLKNYIDKQ,1
VVCACRRALCLPLERRAGFCRIRGRIHPLCCRR,1
VSKVLHLEGEVNKIALLSTNKAVVSLSNGVSVL,1
GEVNKIALLSTNKAVVSLSNGVSVLTSKVLDLK,1
NITLGEWYNQTKDLQQKFYEIIMDIEQNNVQGK,1
NKIALLSTNKAVVSLSNGVSVLTSKVLDLKNYI,1
AVSKVLHLEGEVNKIALLSTNKAVVSLSNGVSV,1
IALLSTNKAVVSLSNGVSVLTSKVLDLKNYIDK,1
VNKIALLSTNKAVVSLSNGVSVLTSKVLDLKNY,1
GNITLGEWYNQTKDLQQKFYEIIMDIEQNNVQG,1
AVGIGALFLGFLGAAGSTMGARSMTLTVQARQL,1
YTSVITIELSNIKENKCNGAKVKLIKQELDKYK,1
SKVLHLEGEVNKIALLSTNKAVVSLSNGVSVLT,1
LHRIDLGPPISLERLDVGTNLGNAIAKLEAKELL,1
HRIDLGPPISLERLDVGTNLGNAIAKLEAKELLE,1
VALDPIDISIELNKAKSDLEESKEWIRRSNQKLD,0
SLERLDVGTNLGNAIAKLEAKELLESSDQILRSM,1
NSVALDPIDISIELNKAKSDLEESKEWIRRSNQK,1
LERLDVGTNLGNAIAKLEAKELLESSDQILRSMK,1
DITLNNSVALDPIDISIELNKAKSDLEESKEWIR,0
ARATCYCRTGRCATRESLSGVCEISGRLYRLCCR,1
LDPIDISIELNKAKSDLEESKEWIRRSNQKLDSI,1
INASVVNIQKEIDRLNEVAKNLNESLIDLQELGK,0
PISLERLDVGTNLGNAIAKLEAKELLESSDQILR,1
DPIDISIELNKAKSDLEESKEWIRRSNQKLDSIG,1
LGPPISLERLDVGTNLGNAIAKLEAKELLESSDQ,1
GPPISLERLDVGTNLGNAIAKLEAKELLESSDQI,1
RIDLGPPISLERLDVGTNLGNAIAKLEAKELLES,1
ALWKTMLKKLGTMALHAGKAALGAAADTISQGTQ,1
GLLRKGGEKIGEKLKKIGQKIKNFFQKLVPQPEQ,1
IDLGPPISLERLDVGTNLGNAIAKLEAKELLESS,1
DLGPPISLERLDVGTNLGNAIAKLEAKELLESSD,1
SCASRCKGHCRARRCGYYVSVLYRGRCYCKCLRC,1
YDHIQDHVNTMFSRLATSWCLLQNKERALWAEAA,1
PIDISIELNKAKSDLEESKEWIRRSNQKLDSIGN,1
PPISLERLDVGTNLGNAIAKLEAKELLESSDQIL,1
IDISIELNKAKSDLEESKEWIRRSNQKLDSIGNW,1
ALDPIDISIELNKAKSDLEESKEWIRRSNQKLDS,1
VITIELSNIKENKCNGTDAKVKLIKQELDKYKNAV,1
ITLGEWYNQTKDLQQKFYEIIMDIEQNNVQGKKGI,1
ARSDIEKLKEAIRDTNKAVQSVQSSIGNLIVAIKS,1
RKVDFLEENITALLEEAQIQQEKNMYELQKLNSWD,1
ENKCNGTDAKVKLIKQELDKYKNAVTELQLLMQST,0
DFLEENITALLEEAQIQQEKNMYELQKLNSWDVFG,1
LVEAKQARSDIEKLKEAIRDTNKAVQSVQSSIGNL,1
YTPNDITLNNSVALDPIDISIELNKAKSDLEESKE,0
GINASVVNIQKEIDRLNEVAKNLNESLIDLQELGK,0
FPSDEFDASISQVNEKINQSLAFIRKSDELLHNVN,1
WMEWDREINNYTSLIGSLIEESQNQQEKNEQELLE,1
GPPISLERLDVGTNLGNAIAKLEDAKELLESSDQI,1
ELSNIKENKCNGTDAKVKLIKQELDKYKNAVTELQ,0
LDPIDISIELNKAKSDLEESKEWIRRSNQKLDSIG,1
LERLDVGTNLGNAIAKLEDAKELLESSDQILRSMK,1
RIDLGPPISLERLDVGTNLGNAIAKLEDAKELLES,1
TLNNSVALDPIDISIELNKAKSDLEESKEWIRRSN,1
EWYNQTKDLQQKFYEIIMDIEQNNVQGKKGIQQLQ,1
NQTKDLQQKFYEIIMDIEQNNVQGKKGIQQLQKWE,1
PISLERLDVGTNLGNAIAKLEDAKELLESSDQILR,1
ERKVDFLEENITALLEEAQIQQEKNMYELQKLNSW,1
LGPPISLERLDVGTNLGNAIAKLEDAKELLESSDQ,1
IDLGPPISLERLDVGTNLGNAIAKLEDAKELLESS,1
DPIDISIELNKAKSDLEESKEWIRRSNQKLDSIGN,1
LKEAIRDTNKAVQSVQSSIGNLIVAIKSVQDYVNK,1
ITIELSNIKENKCNGTDAKVKLIKQELDKYKNAVT,0
DLGPPISLERLDVGTNLGNAIAKLEDAKELLESSD,1
AVALVEAKQARSDIEKLKEAIRDTNKAVQSVQSSI,1
NIKENKCNGTDAKVKLIKQELDKYKNAVTELQLLM,0
AQITAAVALVEAKQARSDIEKLKEAIRDTNKAVQS,1
TKDLQQKFYEIIMDIEQNNVQGKKGIQQLQKWEDW,1
LHRIDLGPPISLERLDVGTNLGNAIAKLEDAKELL,1
FDASISQVNEKINQSLAFIRKSDELLHNVNAGKST,1
KQARSDIEKLKEAIRDTNKAVQSVQSSIGNLIVAI,1
LVFPSDEFDASISQVNEKINQSLAFIRKSDELLHN,1
TPNDITLNNSVALDPIDISIELNKAKSDLEESKEW,0
PPISLERLDVGTNLGNAIAKLEDAKELLESSDQIL,1
LNNSVALDPIDISIELNKAKSDLEESKEWIRRSNQ,1
AKQARSDIEKLKEAIRDTNKAVQSVQSSIGNLIVA,1
EAKQARSDIEKLKEAIRDTNKAVQSVQSSIGNLIV,1
FYDPLVFPSDEFDASISQVNEKINQSLAFIRKSDE,1
WYNQTKDLQQKFYEIIMDIEQNNVQGKKGIQQLQK,1
DASISQVNEKINQSLAFIRKSDELLHNVNAGKSIT,1
IDISIELNKAKSDLEESKEWIRRSNQKLDSIGNWH,1
KWKVFKKIEKMGRNIRNGIVKAGPAIAVLGEAKAL,1
IELSNIKENKCNGTDAKVKLIKQELDKYKNAVTEL,0
TSVITIELSNIKENKCNGTDAKVKLIKQELDKYKN,1
IKENKCNGTDAKVKLIKQELDKYKNAVTELQLLMQ,0
SVITIELSNIKENKCNGTDAKVKLIKQELDKYKNA,1
VALDPIDISIELNKAKSDLEESKEWIRRSNQKLDS,1
SIELNKAKSDLEESKEWIRRSNQKLDSIGNWHQSS,1
YDPLVFPSDEFDASISQVNEKINQSLAFIRKSDEL,1
WMEWDREINNYTSLIHSLIEESQNQQEKNEQELLE,1
VDFLEENITALLEEAQIQQEKNMYELQKLNSWDVF,1
LGEWYNQTKDLQQKFYEIIMDIEQNNVQGKKGIQQ,1
NNSVALDPIDISIELNKAKSDLEESKEWIRRSNQK,1
WERKVDFLEENITALLEEAQIQQEKNMYELQKLNS,1
EWERKVDFLEENITALLEEAQIQQEKNMYELQKLN,1
ISLERLDVGTNLGNAIAKLEDAKELLESSDQILRS,1
AIRDTNKAVQSVQSSIGNLIVAIKSVQDYVNKEIV,1
QEWERKVDFLEENITALLEEAQIQQEKNMYELQKL,1
SDEFDASISQVNEKINQSLAFIRKSDELLHNVNAG,1
VEAKQARSDIEKLKEAIRDTNKAVQSVQSSIGNLI,1
DASISQVNEKINQSLAFIRKSDELLHNVNAGKSTT,1
PNDITLNNSVALDPIDISIELNKAKSDLEESKEWI,0
TIELSNIKENKCNGTDAKVKLIKQELDKYKNAVTE,0
DEFDASISQVNEKINQSLAFIRKSDELLHNVNAGK,1
SNIKENKCNGTDAKVKLIKQELDKYKNAVTELQLL,0
ISIELNKAKSDLEESKEWIRRSNQKLDSIGNWHQS,1
WQEWERKVDFLEENITALLEEAQIQQEKNMYELQK,1
QARSDIEKLKEAIRDTNKAVQSVQSSIGNLIVAIK,1
HRIDLGPPISLERLDVGTNLGNAIAKLEDAKELLE,1
PIDISIELNKAKSDLEESKEWIRRSNQKLDSIGNW,1
NSVALDPIDISIELNKAKSDLEESKEWIRRSNQKL,1
EFDASISQVNEKINQSLAFIRKSDELLHNVNAGKS,1
KVDFLEENITALLEEAQIQQEKNMYELQKLNSWDV,1
LSNIKENKCNGTDAKVKLIKQELDKYKNAVTELQL,0
IELNKAKSDLEESKEWIRRSNQKLDSIGNWHQSST,1
ALDPIDISIELNKAKSDLEESKEWIRRSNQKLDSI,1
KLKEAIRDTNKAVQSVQSSIGNLIVAIKSVQDYVN,1
FLEENITALLEEAQIQQEKNMYELQKLNSWDVFGN,1
SVALDPIDISIELNKAKSDLEESKEWIRRSNQKLD,1
PLVFPSDEFDASISQVNEKINQSLAFIRKSDELLH,1
KENKCNGTDAKVKLIKQELDKYKNAVTELQLLMQS,0
NDITLNNSVALDPIDISIELNKAKSDLEESKEWIR,0
DISIELNKAKSDLEESKEWIRRSNQKLDSIGNWHQ,1
SDIEKLKEAIRDTNKAVQSVQSSIGNLIVAIKSVQ,1
GEWYNQTKDLQQKFYEIIMDIEQNNVQGKKGIQQL,1
WNHGNITLGEWYNQTKDLQQKFYEIIMDIEQNNVQ,1
ELNKAKSDLEESKEWIRRSNQKLDSIGNWHQSSTT,1
DPLVFPSDEFDASISQVNEKINQSLAFIRKSDELL,1
RSDIEKLKEAIRDTNKAVQSVQSSIGNLIVAIKSV,1
PSDEFDASISQVNEKINQSLAFIRKSDELLHNVNA,1
YNQTKDLQQKFYEIIMDIEQNNVQGKKGIQQLQKW,1
SLERLDVGTNLGNAIAKLEDAKELLESSDQILRSM,1
VFPSDEFDASISQVNEKINQSLAFIRKSDELLHNV,1
TAAVALVEAKQARSDIEKLKEAIRDTNKAVQSVQS,1
TWMEWDREINNYTSLIHSLIEESQNQQEKNEQELLE,1
VALDPIDISIELNKAKSDLEESKEWIRRSNQKLDSD,1
TSLIHSLIEESQNQQEKNEQELLELDKWASLWNWFN,1
YTSLIQSLIEESQNQQEKNEQQLLELDKWASLWNWF,1
LIHSLIEESQNQQEKNEQELLELDKWASLWNWFNIT,1
SLIHSLIEESQNQQEKNEQELLELDKWASLWNWFNI,1
YTSLIHSLIEESQNLQEKNEQELLELDKWASLWNWF,1
YTSLIHSLIEESQNQQEKNEQELLEFDKWASLWNWF,1
YVSGKARGWFYRHHYESPHPRISSEVHIPLGDARLV,1
YTSLIHSLIEESQNQQEKNEQELLELDKWASLWNAF,1
YTSLIHSLIEESQNQQEKNEQELLELDKWASLWNSF,1
EWDREINNYTSLIHSLIEESQNQQEKNEQELLELDK,1
SSESFTLLEQWNNWKLQLAEQWLEQINEKHYLEDIS,0
YTSLIQSLIEESQNQQEKNEQELLELDKWASLWNWF,1
EELAKKAEELAKKAEELAKKAEELAKKAWASLWNWF,1
NNYTSLIHSLIEESQNQQEKNEQELLELDKWASLWN,1
VYTDKVDISSQISSMNQSLQQSKDYIKEAQKILDTV,1
MTWMEWDREINNYTSLIHSLIEESQNQQEKNEQELL,1
NMTWMEWDREINNYTSLIHSLIEESQNQQEKNEQEL,1
IDRLITGRLQSLQTYVTQQLIRAAEIRASANLAATK,0
YTSLIHSLIEESQNQQEKNEQELLQLDKWASLWNWF,1
NYTSLIHSLIEESQNQQEKNEQELLELDKWASLWNW,1
YTSLIHSLIEESQNQQEKNEQQLLELDKWASLWNWF,1
WNNMTWMEWDREINNYTSLIHSLIEESQNQQEKNEQ,1
YQFHLVLHEALRAQALSRQLILGRELAQELVAELAT,0
YTSLIHSLIEESQNQQEKNEQELLELDKWASLANWF,1
YTSLIHSLIEQSQNQQEKNEQELLELDKWASLWNWF,1
WMEWDREINNYTSLIHSLIEESQNQQEKNEQELLEL,1
YTSLIHSLIEESQNQQEKLEQELLELDKWASLWNWF,1
DREINNYTSLIHSLIEESQNQQEKNEQELLELDKWA,1
YTSLIHSLIEESQNQQEKNEQELLELDKWASLFNFF,1
VANDPIDISIELNKAKSDLEESKEWIRRSNQKLDSD,1
YTSLIHSLIEESQQQQEKNEQELLELDKWASLWNWF,1
NNMTWMEWDREINNYTSLIHSLIEESQNQQEKNEQE,1
EKKCPGRCTLKCGKHERPTLPYNCGKYICCVPVKVK,1
QKKCPGRCTLKCGKHERPTLPYNCGKYICCVPVKVK,1
YTSLIHSLIEESQNQQEKNEQELLELDKWASLWNWF,1
TARLQLEARLQHLVAEILEREQSLALHALGYQLAFV,1
VALDPIDISIELNKAKSDLEESKEWIRRSNQKLDSI,1
IQKEIDRLNEVAKNLNESLIDLQELGKYEQYIKWPW,0
MEWDREINNYTSLIHSLIEESQNQQEKNEQELLELD,1
YTSLIHSLIQESQNQQEKNEQELLELDKWASLWNWF,1
WDREINNYTSLIHSLIEESQNQQEKNEQELLELDKW,1
YTSLIHSLIEESQNQQEKNEQELLELDKWASPWNWF,1
YTSLIHSLIEESQNQQEKNQQELLQLDKWASLWNWF,1
IWNNMTWMEWDREINNYTSLIHSLIEESQNQQEKNE,1
QIWNNMTWMEWDREINNYTSLIHSLIEESQNQQEKN,1
YTSLIHSLIEESQNQQEKNEQELLELNKWASLWNWF,1
VANDPIDISIELNKAKSDLEESKEWIRRSNQKLDSI,1
LLGDFFRKSKEKIGKEFKRIVQRIKDFLRNLVPRTES,1
LLGDLLRKSKEKIGKEFKRIVQRIKDFLRNLVPRTES,1
MKATILLAVVVAVIVGVQEAQSVACRSYYCSKFCGSA,1
TFCGETCRVIPVCTYSAALGCTCDDRSDGLCKRNGDP,1
WMEWDREIEELAKKAEELAKKAEELAKKAWASLWNWF,1
QLLDVVKRQQEMLRLTVWGTKNLQARVTAIEKYLKDQ,1
VEENMKKLEERLKKREELFKKQEEWFKKWFERSKKFT,1
GDPTFCGETCRVIPVCTYSAALGCTCDDRSDGLCKRN,1
WMEWDREIEEAAKKLEEAAKKLEEAAKKLWASLWNWF,1
WMEWDREIEALAKAAEALAKAAEALAKAAWASLWNWF,1
VRDNMAKLRERLKQRQQLFDSQQGWFEGWFNRSPWFT,1
ISGINASVVNIQKEIDRLNEVAKNLNESLIDLQELGK,0
SGKSFKAGVCPPKKSAQCLRYKKPECQSDWQCPGKKR,1
RSLEGTDRFPFVRLKNSRKLEFKDIKGIKREQFVKIL,0
TTWEAWDRAIAEYAARIEALIRAAQEQQEKNEAILREL,1
TTWEAWDRAIAEYAARIEALIRAAQEQQEKNEAALREL,1
TTWEAWDRAIAEYAARIEALIRAAQEQQEKLEAALREL,1
TTWEAWDRAIAEYAARIEALIRALQEQQEKNEAILREL,1
TTWEAWDRAIAEYAARIEALIRASQEQQEKNEAELREL,1
MTWMEWDREINNYTSLIHSLIEESQNQQEKNEQELLEL,1
TTWEAWDRAIAEYAARIEALIRALQELQEKLEAILREL,1
NGIGVTQNVLYENQKQIANQFNKAISQIQESLTTTSTA,1
TTWEAWDRAIAEYAARIEALIRALQELQEKNEAILREL,1
NEYHGFVDKANNENKRKKQQGRDDFVVKPNNFANRRRK,1
TTWEAWDRAIAEYAARIEALIRAAQELQEKNEAALREL,1
MTWMAWDRAIANYAALIHALIEAAQNQQEKNEAALLEL,1
NNLLRAIEAQQHLLQLTVWQIKQLQARILAVERYLKDQ,1
TTWEAWDRAIAEYAARIEALIRALQEQQEKNEAALREL,1
TTWEAWDRAIAEYAARIEALIRAAQEQQEKLEAVLREL,1
MTWEAWDRAIAEYAARIEALIRAAQEQQEKNEAALREL,1
TTWEAWDRAIAEYAARIEALIRALQELQEKNEAALREL,1
MFTLKKSLLLLFFLGTINLSLCEEERNAEEERRDEPDE,0
TTWEAWDRAIAEYAARIEALIRAAQELQEKLEAALREL,1
TTWEEWDREINEYTSRIESLIRESQEQQEKNEQELREL,1
QPELDSFKEELDKYFKNHTSPDVDLGDISGINASVVNIQ,0
VVNIQKEIDRLNEVAKNLNESLIDLQELGKYEQYIKWPW,0
INASVVNIQKEIDRLNEVAKNLNESLIDLQELGKYEQYI,0
ALNTLVKQLSSNFGAISSVLNDILSRLDKVEAEVQIDRL,0
WQEWEQKITALLEQAQIQQEKNEYELQKLDKWASLWEWF,1
GDISGINASVVNIQKEIDRLNEVAKNLNESLIDLQELGKY,0
RLTGLLATSGFAFVNAAHANGAVCLSDLLGFLAHSRALAG,0
YVTQQLIRAAEIRASANLAATKMSECVLGQSKRVDFCGKG,0
PDVDLGDISGINASVVNIQKEIDRLNEVAKNLNESLIDLQ,0
ANTAFVSSAHNTQKIPAGAPFNRNLRAMLADLRQNAAFAG,1
LEAIPCSIPPEFLFGKPFVFLEAIPCSIPPEFLFGKPFVF,1
LDKYFKNHTSPDVDLGDISGINASVVNIQKEIDRLNEVAK,0
FNKAISQIQESLTTTSTALGKLQDVVNQNAQALNTLVKQL,0
HATCSLAFALATSVALATRNDLLLRWAAARDAQTILSKRDR,0
RARRSLLIASALCTSDVAAATNADLRTALARADHQKTLFWL,1
VYDPLQPELDSFKEELDKYFKNHTSPDVDLGDISGINASVV,0
FKNHTSPDVDLGDISGINASVVNIQKEIDRLNEVAKNLNES,0
CGGNNLLRAIEAQQHLLQLTVWGIKQLQARILAVERYLKDQ,1
SFKEELDKYFKNHTSPDVDLGDISGINASVVNIQKEIDRLNE,0
PPVYTKDVDISSQISSMNQSLQQSKDYIKEAQKILDTVNPSL,1
TWLATRGLLRSPGRYVYFSPSASTWPVGIWTTGELVLGCDAAL,0
INASVVNIQKEIDRLNEVAKNLNESLIDLQELGKYEQYIKWPW,0
AAHLIDALYAEFLGGRVLTTPVVHRALFYASAVLRQPFLAGVPSA,1
ISGINASVVNIQKEIDRLNEVAKNLNESLIDLQELGKYEQYIKWPW,0
